Measure Name,Year,Period,Value
Food Bank Usage ,2007,Jan,51428
Food Bank Usage ,2007,Feb,48163
Food Bank Usage ,2007,Mar,56092
Food Bank Usage ,2007,Apr,51555
Food Bank Usage ,2007,May,57977
Food Bank Usage ,2007,Jun,54200
Food Bank Usage ,2007,Jul,56776
Food Bank Usage ,2007,Aug,58353
Food Bank Usage ,2007,Sep,55238
Food Bank Usage ,2007,Oct,56870
Food Bank Usage ,2007,Nov,59633
Food Bank Usage ,2007,Dec,48756
Food Bank Usage ,2008,Jan,58786
Food Bank Usage ,2008,Feb,54487
Food Bank Usage ,2008,Mar,58322
Food Bank Usage ,2008,Apr,63400
Food Bank Usage ,2008,May,60700
Food Bank Usage ,2008,Jun,58700
Food Bank Usage ,2008,Jul,61300
Food Bank Usage ,2008,Aug,56700
Food Bank Usage ,2008,Sep,60300
Food Bank Usage ,2008,Oct,67500
Food Bank Usage ,2008,Nov,66600
Food Bank Usage ,2008,Dec,61100
Food Bank Usage ,2009,Jan,64900
Food Bank Usage ,2009,Feb,65800
Food Bank Usage ,2009,Mar,71400
Food Bank Usage ,2009,Apr,72000
Food Bank Usage ,2009,May,71600
Food Bank Usage ,2009,Jun,72900
Food Bank Usage ,2009,Jul,76300
Food Bank Usage ,2009,Aug,70000
Food Bank Usage ,2009,Sep,75400
Food Bank Usage ,2009,Oct,77900
Food Bank Usage ,2009,Nov,75000
Food Bank Usage ,2009,Dec,67000
Food Bank Usage ,2010,Jan,69200
Food Bank Usage ,2010,Feb,71800
Food Bank Usage ,2010,Mar,72700
Food Bank Usage ,2010,Apr,70000
Food Bank Usage ,2010,May,67700
Food Bank Usage ,2010,Jun,68300
Food Bank Usage ,2010,Jul,59600
Food Bank Usage ,2010,Aug,60000
Food Bank Usage ,2010,Sep,70000
Food Bank Usage ,2010,Oct,67300
Food Bank Usage ,2010,Nov,70000
Food Bank Usage ,2010,Dec,68600
Food Bank Usage ,2011,Jan,62000
Food Bank Usage ,2011,Feb,61600
Food Bank Usage ,2011,Mar,68600
Food Bank Usage ,2011,Apr,62400
Food Bank Usage ,2011,May,64100
Food Bank Usage ,2011,Jun,64400
Food Bank Usage ,2011,Jul,59100
Food Bank Usage ,2011,Aug,64600
Food Bank Usage ,2011,Sep,67600
Food Bank Usage ,2011,Oct,67700
Food Bank Usage ,2011,Nov,73200
Food Bank Usage ,2011,Dec,68900
Food Bank Usage ,2012,Jan,69800
Food Bank Usage ,2012,Feb,67700
Food Bank Usage ,2012,Mar,69900
Food Bank Usage ,2012,Apr,64500
Food Bank Usage ,2012,May,71000
Food Bank Usage ,2012,Jun,63700
Food Bank Usage ,2012,Jul,65000
Food Bank Usage ,2012,Aug,66000
Food Bank Usage ,2012,Sep,60000
Food Bank Usage ,2012,Oct,66300
Food Bank Usage ,2012,Nov,68400
Food Bank Usage ,2012,Dec,54200
Food Bank Usage ,2013,Jan,63600
Food Bank Usage ,2013,Feb,57300
Food Bank Usage ,2013,Mar,63700
Food Bank Usage ,2013,Apr,61300
Food Bank Usage ,2013,May,63700
Food Bank Usage ,2013,Jun,57100
Food Bank Usage ,2013,Jul,58800
Food Bank Usage ,2013,Aug,58400
Food Bank Usage ,2013,Sep,56700
Food Bank Usage ,2013,Oct,62700
Food Bank Usage ,2013,Nov,57200
Food Bank Usage ,2013,Dec,54500
Food Bank Usage ,2014,Jan,56300
Food Bank Usage ,2014,Feb,54800
Food Bank Usage ,2014,Mar,59200
Food Bank Usage ,2014,Apr,64000
Food Bank Usage ,2014,May,65000
Food Bank Usage ,2014,Jun,58700
Food Bank Usage ,2014,Jul,63420
Food Bank Usage ,2014,Aug,58250
Food Bank Usage ,2014,Sep,61400
Food Bank Usage ,2014,Oct,59600
Food Bank Usage ,2014,Nov,61700
Food Bank Usage ,2014,Dec,54600
Food Bank Usage ,2015,Jan,55720
Food Bank Usage ,2015,Feb,54290
Food Bank Usage ,2015,Mar,61350
Food Bank Usage ,2015,Apr,61880
Food Bank Usage ,2015,May,60280
Food Bank Usage ,2015,Jun,60730
Food Bank Usage ,2015,Jul,60240
Food Bank Usage ,2015,Aug,57440
Food Bank Usage ,2015,Sep,58860
Food Bank Usage ,2015,Oct,64700
Food Bank Usage ,2015,Nov,62200
Food Bank Usage ,2015,Dec,60300
Food Bank Usage ,2016,Jan,59775
Food Bank Usage ,2016,Feb,60771
Food Bank Usage ,2016,Mar,72329
Food Bank Usage ,2016,Apr,67520
Food Bank Usage ,2016,May,68260
Food Bank Usage ,2016,Jun,70720
Food Bank Usage ,2016,Jul,59220
Food Bank Usage ,2016,Aug,68710
Food Bank Usage ,2016,Sep,68420
Food Bank Usage ,2016,Oct,65160
Food Bank Usage ,2016,Nov,71665
Food Bank Usage ,2016,Dec,60650
Food Bank Usage ,2017,Jan,65270
Food Bank Usage ,2017,Feb,62440
Food Bank Usage ,2017,Mar,74680
Food Bank Usage ,2017,Apr,62125
Food Bank Usage ,2017,May,68620
Food Bank Usage ,2017,Jun,68050
Food Bank Usage ,2017,Jul,61300
Food Bank Usage ,2017,Aug,66210
Food Bank Usage ,2017,Sep,60640
Food Bank Usage ,2017,Oct,64110
Food Bank Usage ,2017,Nov,69000
Food Bank Usage ,2017,Dec,51960
Food Bank Usage ,2018,Jan,62550
Food Bank Usage ,2018,Feb,57685
Food Bank Usage ,2018,Mar,66600
Food Bank Usage ,2018,Apr,60369
Food Bank Usage ,2018,May,68158
Food Bank Usage ,2018,Jun,60402
Food Bank Usage ,2018,Jul,60009
Food Bank Usage ,2018,Aug,67023
Food Bank Usage ,2018,Sep,61799
Food Bank Usage ,2018,Oct,70705
Food Bank Usage ,2018,Nov,71764
Food Bank Usage ,2018,Dec,62755
Food Bank Usage ,2019,Jan,68534
Food Bank Usage ,2019,Feb,59733
Food Bank Usage ,2019,Mar,72726
Food Bank Usage ,2019,Apr,67523
Food Bank Usage ,2019,May,74752
Food Bank Usage ,2019,Jun,67604
Food Bank Usage ,2019,Jul,70286
Food Bank Usage ,2019,Aug,66604
Food Bank Usage ,2019,Sep,68340
Food Bank Usage ,2019,Oct,77584
Food Bank Usage ,2019,Nov,70689
Food Bank Usage ,2019,Dec,56922
Crime Total Number of Incidents (in 7 Crime Categories),2007,Jan,3778
Crime Total Number of Incidents (in 7 Crime Categories),2007,Feb,3234
Crime Total Number of Incidents (in 7 Crime Categories),2007,Mar,3789
Crime Total Number of Incidents (in 7 Crime Categories),2007,Apr,3821
Crime Total Number of Incidents (in 7 Crime Categories),2007,May,3975
Crime Total Number of Incidents (in 7 Crime Categories),2007,Jun,4019
Crime Total Number of Incidents (in 7 Crime Categories),2007,Jul,3864
Crime Total Number of Incidents (in 7 Crime Categories),2007,Aug,4079
Crime Total Number of Incidents (in 7 Crime Categories),2007,Sep,3994
Crime Total Number of Incidents (in 7 Crime Categories),2007,Oct,3911
Crime Total Number of Incidents (in 7 Crime Categories),2007,Nov,3626
Crime Total Number of Incidents (in 7 Crime Categories),2007,Dec,3428
Crime Total Number of Incidents (in 7 Crime Categories),2008,Jan,3603
Crime Total Number of Incidents (in 7 Crime Categories),2008,Feb,3119
Crime Total Number of Incidents (in 7 Crime Categories),2008,Mar,3285
Crime Total Number of Incidents (in 7 Crime Categories),2008,Apr,3316
Crime Total Number of Incidents (in 7 Crime Categories),2008,May,3474
Crime Total Number of Incidents (in 7 Crime Categories),2008,Jun,3642
Crime Total Number of Incidents (in 7 Crime Categories),2008,Jul,3612
Crime Total Number of Incidents (in 7 Crime Categories),2008,Aug,3691
Crime Total Number of Incidents (in 7 Crime Categories),2008,Sep,3586
Crime Total Number of Incidents (in 7 Crime Categories),2008,Oct,3580
Crime Total Number of Incidents (in 7 Crime Categories),2008,Nov,3409
Crime Total Number of Incidents (in 7 Crime Categories),2008,Dec,3149
Crime Total Number of Incidents (in 7 Crime Categories),2009,Jan,3150
Crime Total Number of Incidents (in 7 Crime Categories),2009,Feb,2837
Crime Total Number of Incidents (in 7 Crime Categories),2009,Mar,3296
Crime Total Number of Incidents (in 7 Crime Categories),2009,Apr,3081
Crime Total Number of Incidents (in 7 Crime Categories),2009,May,3341
Crime Total Number of Incidents (in 7 Crime Categories),2009,Jun,3332
Crime Total Number of Incidents (in 7 Crime Categories),2009,Jul,3226
Crime Total Number of Incidents (in 7 Crime Categories),2009,Aug,3297
Crime Total Number of Incidents (in 7 Crime Categories),2009,Sep,3345
Crime Total Number of Incidents (in 7 Crime Categories),2009,Oct,3446
Crime Total Number of Incidents (in 7 Crime Categories),2009,Nov,3258
Crime Total Number of Incidents (in 7 Crime Categories),2009,Dec,3028
Crime Total Number of Incidents (in 7 Crime Categories),2010,Jan,3187
Crime Total Number of Incidents (in 7 Crime Categories),2010,Feb,2986
Crime Total Number of Incidents (in 7 Crime Categories),2010,Mar,3043
Crime Total Number of Incidents (in 7 Crime Categories),2010,Apr,3112
Crime Total Number of Incidents (in 7 Crime Categories),2010,May,3169
Crime Total Number of Incidents (in 7 Crime Categories),2010,Jun,3171
Crime Total Number of Incidents (in 7 Crime Categories),2010,Jul,3131
Crime Total Number of Incidents (in 7 Crime Categories),2010,Aug,3098
Crime Total Number of Incidents (in 7 Crime Categories),2010,Sep,2980
Crime Total Number of Incidents (in 7 Crime Categories),2010,Oct,3278
Crime Total Number of Incidents (in 7 Crime Categories),2010,Nov,3059
Crime Total Number of Incidents (in 7 Crime Categories),2010,Dec,2519
Crime Total Number of Incidents (in 7 Crime Categories),2011,Jan,2853
Crime Total Number of Incidents (in 7 Crime Categories),2011,Feb,2543
Crime Total Number of Incidents (in 7 Crime Categories),2011,Mar,2901
Crime Total Number of Incidents (in 7 Crime Categories),2011,Apr,2839
Crime Total Number of Incidents (in 7 Crime Categories),2011,May,3175
Crime Total Number of Incidents (in 7 Crime Categories),2011,Jun,3026
Crime Total Number of Incidents (in 7 Crime Categories),2011,Jul,3195
Crime Total Number of Incidents (in 7 Crime Categories),2011,Aug,2966
Crime Total Number of Incidents (in 7 Crime Categories),2011,Sep,3153
Crime Total Number of Incidents (in 7 Crime Categories),2011,Oct,3087
Crime Total Number of Incidents (in 7 Crime Categories),2011,Nov,2968
Crime Total Number of Incidents (in 7 Crime Categories),2011,Dec,2894
Crime Total Number of Incidents (in 7 Crime Categories),2012,Jan,3214
Crime Total Number of Incidents (in 7 Crime Categories),2012,Feb,3005
Crime Total Number of Incidents (in 7 Crime Categories),2012,Mar,3225
Crime Total Number of Incidents (in 7 Crime Categories),2012,Apr,2942
Crime Total Number of Incidents (in 7 Crime Categories),2012,May,3259
Crime Total Number of Incidents (in 7 Crime Categories),2012,Jun,3153
Crime Total Number of Incidents (in 7 Crime Categories),2012,Jul,3083
Crime Total Number of Incidents (in 7 Crime Categories),2012,Aug,3233
Crime Total Number of Incidents (in 7 Crime Categories),2012,Sep,3053
Crime Total Number of Incidents (in 7 Crime Categories),2012,Oct,3013
Crime Total Number of Incidents (in 7 Crime Categories),2012,Nov,2940
Crime Total Number of Incidents (in 7 Crime Categories),2012,Dec,2630
Crime Total Number of Incidents (in 7 Crime Categories),2013,Jan,2697
Crime Total Number of Incidents (in 7 Crime Categories),2013,Feb,2406
Crime Total Number of Incidents (in 7 Crime Categories),2013,Mar,2751
Crime Total Number of Incidents (in 7 Crime Categories),2013,Apr,2708
Crime Total Number of Incidents (in 7 Crime Categories),2013,May,2932
Crime Total Number of Incidents (in 7 Crime Categories),2013,Jun,3036
Crime Total Number of Incidents (in 7 Crime Categories),2013,Jul,2926
Crime Total Number of Incidents (in 7 Crime Categories),2013,Aug,2872
Crime Total Number of Incidents (in 7 Crime Categories),2013,Sep,2869
Crime Total Number of Incidents (in 7 Crime Categories),2013,Oct,2907
Crime Total Number of Incidents (in 7 Crime Categories),2013,Nov,3042
Crime Total Number of Incidents (in 7 Crime Categories),2013,Dec,2533
Crime Total Number of Incidents (in 7 Crime Categories),2014,Jan,2614
Crime Total Number of Incidents (in 7 Crime Categories),2014,Feb,2438
Crime Total Number of Incidents (in 7 Crime Categories),2014,Mar,2706
Crime Total Number of Incidents (in 7 Crime Categories),2014,Apr,2733
Crime Total Number of Incidents (in 7 Crime Categories),2014,May,3087
Crime Total Number of Incidents (in 7 Crime Categories),2014,Jun,2992
Crime Total Number of Incidents (in 7 Crime Categories),2014,Jul,2907
Crime Total Number of Incidents (in 7 Crime Categories),2014,Aug,3012
Crime Total Number of Incidents (in 7 Crime Categories),2014,Sep,3096
Crime Total Number of Incidents (in 7 Crime Categories),2014,Oct,3168
Crime Total Number of Incidents (in 7 Crime Categories),2014,Nov,3065
Crime Total Number of Incidents (in 7 Crime Categories),2014,Dec,2680
Crime Total Number of Incidents (in 7 Crime Categories),2015,Jan,2685
Crime Total Number of Incidents (in 7 Crime Categories),2015,Feb,2257
Crime Total Number of Incidents (in 7 Crime Categories),2015,Mar,2663
Crime Total Number of Incidents (in 7 Crime Categories),2015,Apr,2858
Crime Total Number of Incidents (in 7 Crime Categories),2015,May,3099
Crime Total Number of Incidents (in 7 Crime Categories),2015,Jun,3064
Crime Total Number of Incidents (in 7 Crime Categories),2015,Jul,3152
Crime Total Number of Incidents (in 7 Crime Categories),2015,Aug,3144
Crime Total Number of Incidents (in 7 Crime Categories),2015,Sep,3083
Crime Total Number of Incidents (in 7 Crime Categories),2015,Oct,3085
Crime Total Number of Incidents (in 7 Crime Categories),2015,Nov,3107
Crime Total Number of Incidents (in 7 Crime Categories),2015,Dec,2929
Crime Total Number of Incidents (in 7 Crime Categories),2016,Jan,2854
Crime Total Number of Incidents (in 7 Crime Categories),2016,Feb,2623
Crime Total Number of Incidents (in 7 Crime Categories),2016,Mar,2950
Crime Total Number of Incidents (in 7 Crime Categories),2016,Apr,2948
Crime Total Number of Incidents (in 7 Crime Categories),2016,May,3017
Crime Total Number of Incidents (in 7 Crime Categories),2016,Jun,3119
Crime Total Number of Incidents (in 7 Crime Categories),2016,Jul,3164
Crime Total Number of Incidents (in 7 Crime Categories),2016,Aug,3006
Crime Total Number of Incidents (in 7 Crime Categories),2016,Sep,3017
Crime Total Number of Incidents (in 7 Crime Categories),2016,Oct,3123
Crime Total Number of Incidents (in 7 Crime Categories),2016,Nov,3061
Crime Total Number of Incidents (in 7 Crime Categories),2016,Dec,2822
Crime Total Number of Incidents (in 7 Crime Categories),2017,Jan,2834
Crime Total Number of Incidents (in 7 Crime Categories),2017,Feb,2632
Crime Total Number of Incidents (in 7 Crime Categories),2017,Mar,2925
Crime Total Number of Incidents (in 7 Crime Categories),2017,Apr,3123
Crime Total Number of Incidents (in 7 Crime Categories),2017,May,3129
Crime Total Number of Incidents (in 7 Crime Categories),2017,Jun,3151
Crime Total Number of Incidents (in 7 Crime Categories),2017,Jul,3415
Crime Total Number of Incidents (in 7 Crime Categories),2017,Aug,3262
Crime Total Number of Incidents (in 7 Crime Categories),2017,Sep,3165
Crime Total Number of Incidents (in 7 Crime Categories),2017,Oct,3332
Crime Total Number of Incidents (in 7 Crime Categories),2017,Nov,3419
Crime Total Number of Incidents (in 7 Crime Categories),2017,Dec,3006
Crime Total Number of Incidents (in 7 Crime Categories),2018,Jan,3224
Crime Total Number of Incidents (in 7 Crime Categories),2018,Feb,2884
Crime Total Number of Incidents (in 7 Crime Categories),2018,Mar,3221
Crime Total Number of Incidents (in 7 Crime Categories),2018,Apr,3085
Crime Total Number of Incidents (in 7 Crime Categories),2018,May,3635
Crime Total Number of Incidents (in 7 Crime Categories),2018,Jun,3354
Crime Total Number of Incidents (in 7 Crime Categories),2018,Jul,3305
Crime Total Number of Incidents (in 7 Crime Categories),2018,Aug,3492
Crime Total Number of Incidents (in 7 Crime Categories),2018,Sep,3212
Crime Total Number of Incidents (in 7 Crime Categories),2018,Oct,3611
Crime Total Number of Incidents (in 7 Crime Categories),2018,Nov,3581
Crime Total Number of Incidents (in 7 Crime Categories),2018,Dec,3357
Crime Total Number of Incidents (in 7 Crime Categories),2019,Jan,3221
Crime Total Number of Incidents (in 7 Crime Categories),2019,Feb,2995
Crime Total Number of Incidents (in 7 Crime Categories),2019,Mar,3266
Crime Total Number of Incidents (in 7 Crime Categories),2019,Apr,3449
Crime Total Number of Incidents (in 7 Crime Categories),2019,May,3728
Crime Total Number of Incidents (in 7 Crime Categories),2019,Jun,3765
Crime Total Number of Incidents (in 7 Crime Categories),2019,Jul,4035
Crime Total Number of Incidents (in 7 Crime Categories),2019,Aug,3721
Crime Total Number of Incidents (in 7 Crime Categories),2019,Sep,3557
Crime Total Number of Incidents (in 7 Crime Categories),2019,Oct,3901
Crime Total Number of Incidents (in 7 Crime Categories),2019,Nov,3624
Crime Total Number of Incidents (in 7 Crime Categories),2019,Dec,3313
Crime Total Number of Incidents (in 7 Crime Categories),2020,Jan,3480
Crime Total Number of Incidents (in 7 Crime Categories),2020,Feb,3225
Crime Total Number of Incidents (in 7 Crime Categories),2020,Mar,3345
Crime Total Number of Incidents (in 7 Crime Categories),2020,Apr,2545
Crime Total Number of Incidents (in 7 Crime Categories),2020,May,2656
Crime Total Number of Incidents (in 7 Crime Categories),2020,Jun,2952
Unemployment Rate (Toronto Residents),2007,Jan,0.0769
Unemployment Rate (Toronto Residents),2007,Feb,0.0751
Unemployment Rate (Toronto Residents),2007,Mar,0.0801
Unemployment Rate (Toronto Residents),2007,Apr,0.0815
Unemployment Rate (Toronto Residents),2007,May,0.0805
Unemployment Rate (Toronto Residents),2007,Jun,0.078
Unemployment Rate (Toronto Residents),2007,Jul,0.0789
Unemployment Rate (Toronto Residents),2007,Aug,0.079
Unemployment Rate (Toronto Residents),2007,Sep,0.0782
Unemployment Rate (Toronto Residents),2007,Oct,0.0771
Unemployment Rate (Toronto Residents),2007,Nov,0.0782
Unemployment Rate (Toronto Residents),2007,Dec,0.0791
Unemployment Rate (Toronto Residents),2008,Jan,0.0784
Unemployment Rate (Toronto Residents),2008,Feb,0.0744
Unemployment Rate (Toronto Residents),2008,Mar,0.073
Unemployment Rate (Toronto Residents),2008,Apr,0.0692
Unemployment Rate (Toronto Residents),2008,May,0.07
Unemployment Rate (Toronto Residents),2008,Jun,0.0704
Unemployment Rate (Toronto Residents),2008,Jul,0.0741
Unemployment Rate (Toronto Residents),2008,Aug,0.0758
Unemployment Rate (Toronto Residents),2008,Sep,0.0768
Unemployment Rate (Toronto Residents),2008,Oct,0.0789
Unemployment Rate (Toronto Residents),2008,Nov,0.0806
Unemployment Rate (Toronto Residents),2008,Dec,0.0822
Unemployment Rate (Toronto Residents),2009,Jan,0.085
Unemployment Rate (Toronto Residents),2009,Feb,0.089
Unemployment Rate (Toronto Residents),2009,Mar,0.0936
Unemployment Rate (Toronto Residents),2009,Apr,0.094
Unemployment Rate (Toronto Residents),2009,May,0.0977
Unemployment Rate (Toronto Residents),2009,Jun,0.1019
Unemployment Rate (Toronto Residents),2009,Jul,0.1082
Unemployment Rate (Toronto Residents),2009,Aug,0.1093
Unemployment Rate (Toronto Residents),2009,Sep,0.1063
Unemployment Rate (Toronto Residents),2009,Oct,0.1024
Unemployment Rate (Toronto Residents),2009,Nov,0.1024
Unemployment Rate (Toronto Residents),2009,Dec,0.1015
Unemployment Rate (Toronto Residents),2010,Jan,0.101
Unemployment Rate (Toronto Residents),2010,Feb,0.0982
Unemployment Rate (Toronto Residents),2010,Mar,0.0988
Unemployment Rate (Toronto Residents),2010,Apr,0.1008
Unemployment Rate (Toronto Residents),2010,May,0.1031
Unemployment Rate (Toronto Residents),2010,Jun,0.1038
Unemployment Rate (Toronto Residents),2010,Jul,0.0993
Unemployment Rate (Toronto Residents),2010,Aug,0.1009
Unemployment Rate (Toronto Residents),2010,Sep,0.1029
Unemployment Rate (Toronto Residents),2010,Oct,0.1058
Unemployment Rate (Toronto Residents),2010,Nov,0.1022
Unemployment Rate (Toronto Residents),2010,Dec,0.0993
Unemployment Rate (Toronto Residents),2011,Jan,0.098
Unemployment Rate (Toronto Residents),2011,Feb,0.0937
Unemployment Rate (Toronto Residents),2011,Mar,0.0935
Unemployment Rate (Toronto Residents),2011,Apr,0.093
Unemployment Rate (Toronto Residents),2011,May,0.0957
Unemployment Rate (Toronto Residents),2011,Jun,0.0938
Unemployment Rate (Toronto Residents),2011,Jul,0.0924
Unemployment Rate (Toronto Residents),2011,Aug,0.0903
Unemployment Rate (Toronto Residents),2011,Sep,0.0894
Unemployment Rate (Toronto Residents),2011,Oct,0.0896
Unemployment Rate (Toronto Residents),2011,Nov,0.0905
Unemployment Rate (Toronto Residents),2011,Dec,0.0906
Unemployment Rate (Toronto Residents),2012,Jan,0.096
Unemployment Rate (Toronto Residents),2012,Feb,0.0948
Unemployment Rate (Toronto Residents),2012,Mar,0.0976
Unemployment Rate (Toronto Residents),2012,Apr,0.0965
Unemployment Rate (Toronto Residents),2012,May,0.1009
Unemployment Rate (Toronto Residents),2012,Jun,0.1007
Unemployment Rate (Toronto Residents),2012,Jul,0.0998
Unemployment Rate (Toronto Residents),2012,Aug,0.0985
Unemployment Rate (Toronto Residents),2012,Sep,0.0979
Unemployment Rate (Toronto Residents),2012,Oct,0.098
Unemployment Rate (Toronto Residents),2012,Nov,0.0967
Unemployment Rate (Toronto Residents),2012,Dec,0.0968
Unemployment Rate (Toronto Residents),2013,Jan,0.0949
Unemployment Rate (Toronto Residents),2013,Feb,0.0939
Unemployment Rate (Toronto Residents),2013,Mar,0.0914
Unemployment Rate (Toronto Residents),2013,Apr,0.0897
Unemployment Rate (Toronto Residents),2013,May,0.0859
Unemployment Rate (Toronto Residents),2013,Jun,0.0852
Unemployment Rate (Toronto Residents),2013,Jul,0.0832
Unemployment Rate (Toronto Residents),2013,Aug,0.0819
Unemployment Rate (Toronto Residents),2013,Sep,0.0829
Unemployment Rate (Toronto Residents),2013,Oct,0.0863
Unemployment Rate (Toronto Residents),2013,Nov,0.0925
Unemployment Rate (Toronto Residents),2013,Dec,0.0959
Unemployment Rate (Toronto Residents),2014,Jan,0.0975
Unemployment Rate (Toronto Residents),2014,Feb,0.099
Unemployment Rate (Toronto Residents),2014,Mar,0.0968
Unemployment Rate (Toronto Residents),2014,Apr,0.0949
Unemployment Rate (Toronto Residents),2014,May,0.0923
Unemployment Rate (Toronto Residents),2014,Jun,0.0954
Unemployment Rate (Toronto Residents),2014,Jul,0.101
Unemployment Rate (Toronto Residents),2014,Aug,0.1046
Unemployment Rate (Toronto Residents),2014,Sep,0.1022
Unemployment Rate (Toronto Residents),2014,Oct,0.0954
Unemployment Rate (Toronto Residents),2014,Nov,0.0908
Unemployment Rate (Toronto Residents),2014,Dec,0.0863
Unemployment Rate (Toronto Residents),2015,Jan,0.0809
Unemployment Rate (Toronto Residents),2015,Feb,0.0786
Unemployment Rate (Toronto Residents),2015,Mar,0.0768
Unemployment Rate (Toronto Residents),2015,Apr,0.077
Unemployment Rate (Toronto Residents),2015,May,0.0743
Unemployment Rate (Toronto Residents),2015,Jun,0.0733
Unemployment Rate (Toronto Residents),2015,Jul,0.0724
Unemployment Rate (Toronto Residents),2015,Aug,0.073
Unemployment Rate (Toronto Residents),2015,Sep,0.0746
Unemployment Rate (Toronto Residents),2015,Oct,0.0757
Unemployment Rate (Toronto Residents),2015,Nov,0.0789
Unemployment Rate (Toronto Residents),2015,Dec,0.0823
Unemployment Rate (Toronto Residents),2016,Jan,0.0865
Unemployment Rate (Toronto Residents),2016,Feb,0.0866
Unemployment Rate (Toronto Residents),2016,Mar,0.0846
Unemployment Rate (Toronto Residents),2016,Apr,0.0817
Unemployment Rate (Toronto Residents),2016,May,0.0794
Unemployment Rate (Toronto Residents),2016,Jun,0.0712
Unemployment Rate (Toronto Residents),2016,Jul,0.0692
Unemployment Rate (Toronto Residents),2016,Aug,0.0698
Unemployment Rate (Toronto Residents),2016,Sep,0.075
Unemployment Rate (Toronto Residents),2016,Oct,0.0755
Unemployment Rate (Toronto Residents),2016,Nov,0.0743
Unemployment Rate (Toronto Residents),2016,Dec,0.0737
Unemployment Rate (Toronto Residents),2017,Jan,0.0739
Unemployment Rate (Toronto Residents),2017,Feb,0.0747
Unemployment Rate (Toronto Residents),2017,Mar,0.0773
Unemployment Rate (Toronto Residents),2017,Apr,0.0759
Unemployment Rate (Toronto Residents),2017,May,0.0741
Unemployment Rate (Toronto Residents),2017,Jun,0.0712
Unemployment Rate (Toronto Residents),2017,Jul,0.0704
Unemployment Rate (Toronto Residents),2017,Aug,0.0688
Unemployment Rate (Toronto Residents),2017,Sep,0.0683
Unemployment Rate (Toronto Residents),2017,Oct,0.0693
Unemployment Rate (Toronto Residents),2017,Nov,0.0688
Unemployment Rate (Toronto Residents),2017,Dec,0.0696
Unemployment Rate (Toronto Residents),2018,Jan,0.0684
Unemployment Rate (Toronto Residents),2018,Feb,0.0675
Unemployment Rate (Toronto Residents),2018,Mar,0.0666
Unemployment Rate (Toronto Residents),2018,Apr,0.0681
Unemployment Rate (Toronto Residents),2018,May,0.0687
Unemployment Rate (Toronto Residents),2018,Jun,0.0684
Unemployment Rate (Toronto Residents),2018,Jul,0.0646
Unemployment Rate (Toronto Residents),2018,Aug,0.0608
Unemployment Rate (Toronto Residents),2018,Sep,0.0598
Unemployment Rate (Toronto Residents),2018,Oct,0.0607
Unemployment Rate (Toronto Residents),2018,Nov,0.0626
Unemployment Rate (Toronto Residents),2018,Dec,0.06
Unemployment Rate (Toronto Residents),2019,Jan,0.0626
Unemployment Rate (Toronto Residents),2019,Feb,0.0649
Unemployment Rate (Toronto Residents),2019,Mar,0.0704
Unemployment Rate (Toronto Residents),2019,Apr,0.0684
Unemployment Rate (Toronto Residents),2019,May,0.0639
Unemployment Rate (Toronto Residents),2019,Jun,0.0593
Unemployment Rate (Toronto Residents),2019,Jul,0.0582
Unemployment Rate (Toronto Residents),2019,Aug,0.0644
Unemployment Rate (Toronto Residents),2019,Sep,0.0671
Unemployment Rate (Toronto Residents),2019,Oct,0.0679
Unemployment Rate (Toronto Residents),2019,Nov,0.0668
Unemployment Rate (Toronto Residents),2019,Dec,0.0675
Unemployment Rate (Toronto Residents),2020,Jan,0.0676
Unemployment Rate (Toronto Residents),2020,Feb,0.0651
Unemployment Rate (Toronto Residents),2020,Mar,0.0699
Unemployment Rate (Toronto Residents),2020,Apr,0.0834
Unemployment Rate (Toronto Residents),2020,May,0.11
Unemployment Rate (Toronto Residents),2020,Jun,0.1297
CPI - Consumer Price Index - Toronto (% Change),2008,Jan,0.0231
CPI - Consumer Price Index - Toronto (% Change),2008,Feb,0.0183
CPI - Consumer Price Index - Toronto (% Change),2008,Mar,0.0109
CPI - Consumer Price Index - Toronto (% Change),2008,Apr,0.0126
CPI - Consumer Price Index - Toronto (% Change),2008,May,0.0189
CPI - Consumer Price Index - Toronto (% Change),2008,Jun,0.028
CPI - Consumer Price Index - Toronto (% Change),2008,Jul,0.0379
CPI - Consumer Price Index - Toronto (% Change),2008,Aug,0.0371
CPI - Consumer Price Index - Toronto (% Change),2008,Sep,0.037
CPI - Consumer Price Index - Toronto (% Change),2008,Oct,0.0271
CPI - Consumer Price Index - Toronto (% Change),2008,Nov,0.0225
CPI - Consumer Price Index - Toronto (% Change),2008,Dec,0.0171
CPI - Consumer Price Index - Toronto (% Change),2009,Jan,0.0163
CPI - Consumer Price Index - Toronto (% Change),2009,Feb,0.0171
CPI - Consumer Price Index - Toronto (% Change),2009,Mar,0.0206
CPI - Consumer Price Index - Toronto (% Change),2009,Apr,0.008
CPI - Consumer Price Index - Toronto (% Change),2009,May,0.0053
CPI - Consumer Price Index - Toronto (% Change),2009,Jun,0.0018
CPI - Consumer Price Index - Toronto (% Change),2009,Jul,-0.0113
CPI - Consumer Price Index - Toronto (% Change),2009,Aug,-0.0096
CPI - Consumer Price Index - Toronto (% Change),2009,Sep,-0.0104
CPI - Consumer Price Index - Toronto (% Change),2009,Oct,0.0026
CPI - Consumer Price Index - Toronto (% Change),2009,Nov,0.0079
CPI - Consumer Price Index - Toronto (% Change),2009,Dec,0.008
CPI - Consumer Price Index - Toronto (% Change),2010,Jan,0.0178
CPI - Consumer Price Index - Toronto (% Change),2010,Feb,0.0168
CPI - Consumer Price Index - Toronto (% Change),2010,Mar,0.0132
CPI - Consumer Price Index - Toronto (% Change),2010,Apr,0.0239
CPI - Consumer Price Index - Toronto (% Change),2010,May,0.0211
CPI - Consumer Price Index - Toronto (% Change),2010,Jun,0.0184
CPI - Consumer Price Index - Toronto (% Change),2010,Jul,0.0308
CPI - Consumer Price Index - Toronto (% Change),2010,Aug,0.0308
CPI - Consumer Price Index - Toronto (% Change),2010,Sep,0.0317
CPI - Consumer Price Index - Toronto (% Change),2010,Oct,0.0325
CPI - Consumer Price Index - Toronto (% Change),2010,Nov,0.0297
CPI - Consumer Price Index - Toronto (% Change),2010,Dec,0.0325
CPI - Consumer Price Index - Toronto (% Change),2011,Jan,0.0262
CPI - Consumer Price Index - Toronto (% Change),2011,Feb,0.0243
CPI - Consumer Price Index - Toronto (% Change),2011,Mar,0.0356
CPI - Consumer Price Index - Toronto (% Change),2011,Apr,0.0345
CPI - Consumer Price Index - Toronto (% Change),2011,May,0.0387
CPI - Consumer Price Index - Toronto (% Change),2011,Jun,0.0353
CPI - Consumer Price Index - Toronto (% Change),2011,Jul,0.0282
CPI - Consumer Price Index - Toronto (% Change),2011,Aug,0.029
CPI - Consumer Price Index - Toronto (% Change),2011,Sep,0.0333
CPI - Consumer Price Index - Toronto (% Change),2011,Oct,0.0289
CPI - Consumer Price Index - Toronto (% Change),2011,Nov,0.0263
CPI - Consumer Price Index - Toronto (% Change),2011,Dec,0.0221
CPI - Consumer Price Index - Toronto (% Change),2012,Jan,0.0272
CPI - Consumer Price Index - Toronto (% Change),2012,Feb,0.0305
CPI - Consumer Price Index - Toronto (% Change),2012,Mar,0.0218
CPI - Consumer Price Index - Toronto (% Change),2012,Apr,0.0217
CPI - Consumer Price Index - Toronto (% Change),2012,May,0.0133
CPI - Consumer Price Index - Toronto (% Change),2012,Jun,0.0125
CPI - Consumer Price Index - Toronto (% Change),2012,Jul,0.01
CPI - Consumer Price Index - Toronto (% Change),2012,Aug,0.0108
CPI - Consumer Price Index - Toronto (% Change),2012,Sep,0.0074
CPI - Consumer Price Index - Toronto (% Change),2012,Oct,0.0099
CPI - Consumer Price Index - Toronto (% Change),2012,Nov,0.0091
CPI - Consumer Price Index - Toronto (% Change),2012,Dec,0.01
CPI - Consumer Price Index - Toronto (% Change),2013,Jan,0.0066
CPI - Consumer Price Index - Toronto (% Change),2013,Feb,0.0115
CPI - Consumer Price Index - Toronto (% Change),2013,Mar,0.0107
CPI - Consumer Price Index - Toronto (% Change),2013,Apr,0.0057
CPI - Consumer Price Index - Toronto (% Change),2013,May,0.0065
CPI - Consumer Price Index - Toronto (% Change),2013,Jun,0.014
CPI - Consumer Price Index - Toronto (% Change),2013,Jul,0.0165
CPI - Consumer Price Index - Toronto (% Change),2013,Aug,0.0156
CPI - Consumer Price Index - Toronto (% Change),2013,Sep,0.0139
CPI - Consumer Price Index - Toronto (% Change),2013,Oct,0.0115
CPI - Consumer Price Index - Toronto (% Change),2013,Nov,0.0131
CPI - Consumer Price Index - Toronto (% Change),2013,Dec,0.0165
CPI - Consumer Price Index - Toronto (% Change),2014,Jan,0.0181
CPI - Consumer Price Index - Toronto (% Change),2014,Feb,0.0171
CPI - Consumer Price Index - Toronto (% Change),2014,Mar,0.0178
CPI - Consumer Price Index - Toronto (% Change),2014,Apr,0.0268
CPI - Consumer Price Index - Toronto (% Change),2014,May,0.0308
CPI - Consumer Price Index - Toronto (% Change),2014,Jun,0.0324
CPI - Consumer Price Index - Toronto (% Change),2014,Jul,0.0267
CPI - Consumer Price Index - Toronto (% Change),2014,Aug,0.0259
CPI - Consumer Price Index - Toronto (% Change),2014,Sep,0.0275
CPI - Consumer Price Index - Toronto (% Change),2014,Oct,0.0299
CPI - Consumer Price Index - Toronto (% Change),2014,Nov,0.0267
CPI - Consumer Price Index - Toronto (% Change),2014,Dec,0.0227
CPI - Consumer Price Index - Toronto (% Change),2015,Jan,0.021
CPI - Consumer Price Index - Toronto (% Change),2015,Feb,0.0176
CPI - Consumer Price Index - Toronto (% Change),2015,Mar,0.0191
CPI - Consumer Price Index - Toronto (% Change),2015,Apr,0.0103
CPI - Consumer Price Index - Toronto (% Change),2015,May,0.0118
CPI - Consumer Price Index - Toronto (% Change),2015,Jun,0.011
CPI - Consumer Price Index - Toronto (% Change),2015,Jul,0.0181
CPI - Consumer Price Index - Toronto (% Change),2015,Aug,0.0142
CPI - Consumer Price Index - Toronto (% Change),2015,Sep,0.0142
CPI - Consumer Price Index - Toronto (% Change),2015,Oct,0.0126
CPI - Consumer Price Index - Toronto (% Change),2015,Nov,0.0173
CPI - Consumer Price Index - Toronto (% Change),2015,Dec,0.0198
CPI - Consumer Price Index - Toronto (% Change),2016,Jan,0.0214
CPI - Consumer Price Index - Toronto (% Change),2016,Feb,0.0173
CPI - Consumer Price Index - Toronto (% Change),2016,Mar,0.0188
CPI - Consumer Price Index - Toronto (% Change),2016,Apr,0.0235
CPI - Consumer Price Index - Toronto (% Change),2016,May,0.021
CPI - Consumer Price Index - Toronto (% Change),2016,Jun,0.021
CPI - Consumer Price Index - Toronto (% Change),2016,Jul,0.017
CPI - Consumer Price Index - Toronto (% Change),2016,Aug,0.0187
CPI - Consumer Price Index - Toronto (% Change),2016,Sep,0.0209
CPI - Consumer Price Index - Toronto (% Change),2016,Oct,0.0233
CPI - Consumer Price Index - Toronto (% Change),2016,Nov,0.0201
CPI - Consumer Price Index - Toronto (% Change),2016,Dec,0.0218
CPI - Consumer Price Index - Toronto (% Change),2017,Jan,0.024
CPI - Consumer Price Index - Toronto (% Change),2017,Feb,0.024
CPI - Consumer Price Index - Toronto (% Change),2017,Mar,0.0207
CPI - Consumer Price Index - Toronto (% Change),2017,Apr,0.0222
CPI - Consumer Price Index - Toronto (% Change),2017,May,0.0191
CPI - Consumer Price Index - Toronto (% Change),2017,Jun,0.0205
CPI - Consumer Price Index - Toronto (% Change),2017,Jul,0.0198
CPI - Consumer Price Index - Toronto (% Change),2017,Aug,0.0206
CPI - Consumer Price Index - Toronto (% Change),2017,Sep,0.0205
CPI - Consumer Price Index - Toronto (% Change),2017,Oct,0.0174
CPI - Consumer Price Index - Toronto (% Change),2017,Nov,0.022
CPI - Consumer Price Index - Toronto (% Change),2017,Dec,0.019
CPI - Consumer Price Index - Toronto (% Change),2018,Jan,0.0242
CPI - Consumer Price Index - Toronto (% Change),2018,Feb,0.0264
CPI - Consumer Price Index - Toronto (% Change),2018,Mar,0.0278
CPI - Consumer Price Index - Toronto (% Change),2018,Apr,0.024
CPI - Consumer Price Index - Toronto (% Change),2018,May,0.0224
CPI - Consumer Price Index - Toronto (% Change),2018,Jun,0.0246
CPI - Consumer Price Index - Toronto (% Change),2018,Jul,0.0299
CPI - Consumer Price Index - Toronto (% Change),2018,Aug,0.0306
CPI - Consumer Price Index - Toronto (% Change),2018,Sep,0.0223
CPI - Consumer Price Index - Toronto (% Change),2018,Oct,0.0268
CPI - Consumer Price Index - Toronto (% Change),2018,Nov,0.0208
CPI - Consumer Price Index - Toronto (% Change),2018,Dec,0.0261
CPI - Consumer Price Index - Toronto (% Change),2019,Jan,0.0177
CPI - Consumer Price Index - Toronto (% Change),2019,Feb,0.0191
CPI - Consumer Price Index - Toronto (% Change),2019,Mar,0.0205
CPI - Consumer Price Index - Toronto (% Change),2019,Apr,0.0219
CPI - Consumer Price Index - Toronto (% Change),2019,May,0.0263
CPI - Consumer Price Index - Toronto (% Change),2019,Jun,0.0204
CPI - Consumer Price Index - Toronto (% Change),2019,Jul,0.0232
CPI - Consumer Price Index - Toronto (% Change),2019,Aug,0.0218
CPI - Consumer Price Index - Toronto (% Change),2019,Sep,0.0167
CPI - Consumer Price Index - Toronto (% Change),2019,Oct,0.0174
CPI - Consumer Price Index - Toronto (% Change),2019,Nov,0.0182
CPI - Consumer Price Index - Toronto (% Change),2019,Dec,0.0189
CPI - Consumer Price Index - Toronto (% Change),2020,Jan,0.016
CPI - Consumer Price Index - Toronto (% Change),2020,Feb,0.0137
CPI - Consumer Price Index - Toronto (% Change),2020,Mar,0.0043
CPI - Consumer Price Index - Toronto (% Change),2020,Apr,0
CPI - Consumer Price Index - Toronto (% Change),2020,May,-0.0043
CPI - Consumer Price Index - Toronto (% Change),2020,Jun,0.0029
TTC Average Weekday Ridership,2007,Jan,1400000
TTC Average Weekday Ridership,2007,Feb,1486000
TTC Average Weekday Ridership,2007,Mar,1485000
TTC Average Weekday Ridership,2007,Apr,1491000
TTC Average Weekday Ridership,2007,May,1474000
TTC Average Weekday Ridership,2007,Jun,1473000
TTC Average Weekday Ridership,2007,Jul,1391000
TTC Average Weekday Ridership,2007,Aug,1356000
TTC Average Weekday Ridership,2007,Sep,1549000
TTC Average Weekday Ridership,2007,Oct,1531000
TTC Average Weekday Ridership,2007,Nov,1538000
TTC Average Weekday Ridership,2007,Dec,1396000
TTC Average Weekday Ridership,2008,Jan,1379000
TTC Average Weekday Ridership,2008,Feb,1476000
TTC Average Weekday Ridership,2008,Mar,1519000
TTC Average Weekday Ridership,2008,Apr,1446000
TTC Average Weekday Ridership,2008,May,1479000
TTC Average Weekday Ridership,2008,Jun,1459000
TTC Average Weekday Ridership,2008,Jul,1444000
TTC Average Weekday Ridership,2008,Aug,1434000
TTC Average Weekday Ridership,2008,Sep,1574000
TTC Average Weekday Ridership,2008,Oct,1520000
TTC Average Weekday Ridership,2008,Nov,1600000
TTC Average Weekday Ridership,2008,Dec,1484000
TTC Average Weekday Ridership,2009,Jan,1448000
TTC Average Weekday Ridership,2009,Feb,1536000
TTC Average Weekday Ridership,2009,Mar,1487000
TTC Average Weekday Ridership,2009,Apr,1499000
TTC Average Weekday Ridership,2009,May,1517000
TTC Average Weekday Ridership,2009,Jun,1467000
TTC Average Weekday Ridership,2009,Jul,1435000
TTC Average Weekday Ridership,2009,Aug,1328000
TTC Average Weekday Ridership,2009,Sep,1586000
TTC Average Weekday Ridership,2009,Oct,1578000
TTC Average Weekday Ridership,2009,Nov,1568000
TTC Average Weekday Ridership,2009,Dec,1424000
TTC Average Weekday Ridership,2010,Jan,1474000
TTC Average Weekday Ridership,2010,Feb,1538000
TTC Average Weekday Ridership,2010,Mar,1489000
TTC Average Weekday Ridership,2010,Apr,1500000
TTC Average Weekday Ridership,2010,May,1530000
TTC Average Weekday Ridership,2010,Jun,1492000
TTC Average Weekday Ridership,2010,Jul,1473000
TTC Average Weekday Ridership,2010,Aug,1412000
TTC Average Weekday Ridership,2010,Sep,1615000
TTC Average Weekday Ridership,2010,Oct,1622000
TTC Average Weekday Ridership,2010,Nov,1541000
TTC Average Weekday Ridership,2010,Dec,1457000
TTC Average Weekday Ridership,2011,Jan,1540000
TTC Average Weekday Ridership,2011,Feb,1595000
TTC Average Weekday Ridership,2011,Mar,1568000
TTC Average Weekday Ridership,2011,Apr,1539000
TTC Average Weekday Ridership,2011,May,1602000
TTC Average Weekday Ridership,2011,Jun,1579000
TTC Average Weekday Ridership,2011,Jul,1528000
TTC Average Weekday Ridership,2011,Aug,1449000
TTC Average Weekday Ridership,2011,Sep,1689000
TTC Average Weekday Ridership,2011,Oct,1678000
TTC Average Weekday Ridership,2011,Nov,1639000
TTC Average Weekday Ridership,2011,Dec,1583000
TTC Average Weekday Ridership,2012,Jan,1599000
TTC Average Weekday Ridership,2012,Feb,1643000
TTC Average Weekday Ridership,2012,Mar,1613000
TTC Average Weekday Ridership,2012,Apr,1614000
TTC Average Weekday Ridership,2012,May,1609000
TTC Average Weekday Ridership,2012,Jun,1627000
TTC Average Weekday Ridership,2012,Jul,1528000
TTC Average Weekday Ridership,2012,Aug,1515000
TTC Average Weekday Ridership,2012,Sep,1727000
TTC Average Weekday Ridership,2012,Oct,1712000
TTC Average Weekday Ridership,2012,Nov,1716000
TTC Average Weekday Ridership,2012,Dec,1655000
TTC Average Weekday Ridership,2013,Jan,1606000
TTC Average Weekday Ridership,2013,Feb,1702000
TTC Average Weekday Ridership,2013,Mar,1672000
TTC Average Weekday Ridership,2013,Apr,1650000
TTC Average Weekday Ridership,2013,May,1661000
TTC Average Weekday Ridership,2013,Jun,1670000
TTC Average Weekday Ridership,2013,Jul,1564000
TTC Average Weekday Ridership,2013,Aug,1562000
TTC Average Weekday Ridership,2013,Sep,1743000
TTC Average Weekday Ridership,2013,Oct,1760000
TTC Average Weekday Ridership,2013,Nov,1751000
TTC Average Weekday Ridership,2013,Dec,1567000
TTC Average Weekday Ridership,2014,Jan,1651000
TTC Average Weekday Ridership,2014,Feb,1734000
TTC Average Weekday Ridership,2014,Mar,1665000
TTC Average Weekday Ridership,2014,Apr,1682000
TTC Average Weekday Ridership,2014,May,1700000
TTC Average Weekday Ridership,2014,Jun,1650000
TTC Average Weekday Ridership,2014,Jul,1603000
TTC Average Weekday Ridership,2014,Aug,1582000
TTC Average Weekday Ridership,2014,Sep,1739000
TTC Average Weekday Ridership,2014,Oct,1816000
TTC Average Weekday Ridership,2014,Nov,1831000
TTC Average Weekday Ridership,2014,Dec,1589000
TTC Average Weekday Ridership,2015,Jan,1697000
TTC Average Weekday Ridership,2015,Feb,1739000
TTC Average Weekday Ridership,2015,Mar,1689000
TTC Average Weekday Ridership,2015,Apr,1711000
TTC Average Weekday Ridership,2015,May,1722000
TTC Average Weekday Ridership,2015,Jun,1640000
TTC Average Weekday Ridership,2015,Jul,1594000
TTC Average Weekday Ridership,2015,Aug,1566000
TTC Average Weekday Ridership,2015,Sep,1717000
TTC Average Weekday Ridership,2015,Oct,1794000
TTC Average Weekday Ridership,2015,Nov,1784000
TTC Average Weekday Ridership,2015,Dec,1614000
TTC Average Weekday Ridership,2016,Jan,1695000
TTC Average Weekday Ridership,2016,Feb,1675000
TTC Average Weekday Ridership,2016,Mar,1675000
TTC Average Weekday Ridership,2016,Apr,1736000
TTC Average Weekday Ridership,2016,May,1697000
TTC Average Weekday Ridership,2016,Jun,1675000
TTC Average Weekday Ridership,2016,Jul,1653000
TTC Average Weekday Ridership,2016,Aug,1556000
TTC Average Weekday Ridership,2016,Sep,1742000
TTC Average Weekday Ridership,2016,Oct,1788000
TTC Average Weekday Ridership,2016,Nov,1780000
TTC Average Weekday Ridership,2016,Dec,1607000
TTC Average Weekday Ridership,2017,Jan,1653000
TTC Average Weekday Ridership,2017,Feb,1710000
TTC Average Weekday Ridership,2017,Mar,1685000
TTC Average Weekday Ridership,2017,Apr,1737000
TTC Average Weekday Ridership,2017,May,1686000
TTC Average Weekday Ridership,2017,Jun,1698000
TTC Average Weekday Ridership,2017,Jul,1656000
TTC Average Weekday Ridership,2017,Aug,1572000
TTC Average Weekday Ridership,2017,Sep,1753000
TTC Average Weekday Ridership,2017,Oct,1759000
TTC Average Weekday Ridership,2017,Nov,1753000
TTC Average Weekday Ridership,2017,Dec,1604000
TTC Average Weekday Ridership,2018,Jan,1608000
TTC Average Weekday Ridership,2018,Feb,1731000
TTC Average Weekday Ridership,2018,Mar,1700000
TTC Average Weekday Ridership,2018,Apr,1689000
TTC Average Weekday Ridership,2018,May,1679000
TTC Average Weekday Ridership,2018,Jun,1710000
TTC Average Weekday Ridership,2018,Jul,1595000
TTC Average Weekday Ridership,2018,Aug,1530000
TTC Average Weekday Ridership,2018,Sep,1754000
TTC Average Weekday Ridership,2018,Oct,1682000
TTC Average Weekday Ridership,2018,Nov,1705000
TTC Average Weekday Ridership,2018,Dec,1544000
TTC Average Weekday Ridership,2019,Jan,1625000
TTC Average Weekday Ridership,2019,Feb,1670000
TTC Average Weekday Ridership,2019,Mar,1725000
TTC Average Weekday Ridership,2019,Apr,1681000
TTC Average Weekday Ridership,2019,May,1683000
TTC Average Weekday Ridership,2019,Jun,1725000
TTC Average Weekday Ridership,2019,Jul,1627000
TTC Average Weekday Ridership,2019,Aug,1596000
TTC Average Weekday Ridership,2019,Sep,1798000
TTC Average Weekday Ridership,2019,Oct,1778000
TTC Average Weekday Ridership,2019,Nov,1807000
TTC Average Weekday Ridership,2019,Dec,1587000
TTC Average Weekday Ridership,2020,Jan,1670000
TTC Average Weekday Ridership,2020,Feb,1726000
TTC Average Weekday Ridership,2020,Mar,1182000
TTC Average Weekday Ridership,2020,Apr,255000
TTC Average Weekday Ridership,2020,May,263000
TTC Average Weekday Ridership,2020,Jun,345000
